1,adolfo,uc,88888888,88888888,calle 17,sam_edreiuc@live.com,,0
2,samuel,angulo,465465465,1321213,calle 18,sam@rcsistemas.com,,1
3,edrei,uc,88888888,88888888,calle 17,sam_edreiuc@live.com
4,samuel,angulo,465465465,1321213,calle 18,sam@rcsistemas.com,,1
5,edrei,uc,88888888,88888888,calle 17,sam_edreiuc@live.com,,0
6,samuel,angulo,465465465,1321213,calle 18,sam@rcsistemas.com,,1
7,edrei,uc,390150149.6,18834748,calle 17,sam_edreiuc@live.com,,0.8
8,samuel,angulo,422428141.9,11328947.29,calle 18,sam@rcsistemas.com,,0.885714286
9,edrei,uc,454706134.2,3823146.571,calle 17,sam_edreiuc@live.com,,0.971428571
10,samuel,angulo,486984126.5,-3682654.143,calle 18,sam@rcsistemas.com,,1.057142857
11,edrei,uc,519262118.9,-11188454.86,calle 17,sam_edreiuc@live.com,,1.142857143
12,samuel,angulo,551540111.2,-18694255.57,calle 18,sam@rcsistemas.com,,1.228571429
13,edrei,uc,583818103.5,-26200056.29,calle 17,sam_edreiuc@live.com,,1.314285714
14,samuel,angulo,616096095.8,-33705857,calle 18,sam@rcsistemas.com,,1.4
15,edrei,uc,648374088.1,-41211657.71,calle 17,sam_edreiuc@live.com,,1.485714286
16,samuel,angulo,680652080.4,-48717458.43,calle 18,sam@rcsistemas.com,,1.571428571
17,edrei,uc,712930072.7,-56223259.14,calle 17,sam_edreiuc@live.com,,1.657142857
18,samuel,angulo,745208065.1,-63729059.86,calle 18,sam@rcsistemas.com,,1.742857143
19,edrei,uc,777486057.4,-71234860.57,calle 17,sam_edreiuc@live.com,,1.828571429
20,samuel,angulo,809764049.7,-78740661.29,calle 18,sam@rcsistemas.com,,1.914285714
21,edrei,uc,842042042,-86246462,calle 17,sam_edreiuc@live.com,,2
22,samuel,angulo,874320034.3,-93752262.71,calle 18,sam@rcsistemas.com,,2.085714286
23,edrei,uc,906598026.6,-101258063.4,calle 17,sam_edreiuc@live.com,,2.171428571
24,samuel,angulo,938876018.9,-108763864.1,calle 18,sam@rcsistemas.com,,2.257142857
25,edrei,uc,971154011.3,-116269664.9,calle 17,sam_edreiuc@live.com,,2.342857143
26,samuel,angulo,1003432004,-123775465.6,calle 18,sam@rcsistemas.com,,2.428571429
27,edrei,uc,1035709996,-131281266.3,calle 17,sam_edreiuc@live.com,,2.514285714
28,samuel,angulo,1067987988,-138787067,calle 18,sam@rcsistemas.com,,2.6
29,edrei,uc,1100265981,-146292867.7,calle 17,sam_edreiuc@live.com,,2.685714286
30,samuel,angulo,1132543973,-153798668.4,calle 18,sam@rcsistemas.com,,2.771428571
31,edrei,uc,1164821965,-161304469.1,calle 17,sam_edreiuc@live.com,,2.857142857
32,samuel,angulo,1197099957,-168810269.9,calle 18,sam@rcsistemas.com,,2.942857143
33,edrei,uc,1229377950,-176316070.6,calle 17,sam_edreiuc@live.com,,3.028571429
34,samuel,angulo,1261655942,-183821871.3,calle 18,sam@rcsistemas.com,,3.114285714
35,edrei,uc,1293933934,-191327672,calle 17,sam_edreiuc@live.com,,3.2
36,samuel,angulo,1326211927,-198833472.7,calle 18,sam@rcsistemas.com,,3.285714286
37,edrei,uc,1358489919,-206339273.4,calle 17,sam_edreiuc@live.com,,3.371428571
38,samuel,angulo,1390767911,-213845074.1,calle 18,sam@rcsistemas.com,,3.457142857
39,edrei,uc,1423045904,-221350874.9,calle 17,sam_edreiuc@live.com,,3.542857143
40,samuel,angulo,1455323896,-228856675.6,calle 18,sam@rcsistemas.com,,3.628571429
41,edrei,uc,1487601888,-236362476.3,calle 17,sam_edreiuc@live.com,,3.714285714
42,samuel,angulo,1519879881,-243868277,calle 18,sam@rcsistemas.com,,3.8
43,edrei,uc,1552157873,-251374077.7,calle 17,sam_edreiuc@live.com,,3.885714286
44,samuel,angulo,1584435865,-258879878.4,calle 18,sam@rcsistemas.com,,3.971428571
45,edrei,uc,1616713858,-266385679.1,calle 17,sam_edreiuc@live.com,,4.057142857
46,samuel,angulo,1648991850,-273891479.9,calle 18,sam@rcsistemas.com,,4.142857143
47,edrei,uc,1681269842,-281397280.6,calle 17,sam_edreiuc@live.com,,4.228571429
48,samuel,angulo,1713547834,-288903081.3,calle 18,sam@rcsistemas.com,,4.314285714
49,edrei,uc,1745825827,-296408882,calle 17,sam_edreiuc@live.com,,4.4
50,samuel,angulo,1778103819,-303914682.7,calle 18,sam@rcsistemas.com,,4.485714286
51,edrei,uc,1810381811,-311420483.4,calle 17,sam_edreiuc@live.com,,4.571428571
52,samuel,angulo,1842659804,-318926284.1,calle 18,sam@rcsistemas.com,,4.657142857
53,edrei,uc,1874937796,-326432084.9,calle 17,sam_edreiuc@live.com,,4.742857143
54,samuel,angulo,1907215788,-333937885.6,calle 18,sam@rcsistemas.com,,4.828571429
55,edrei,uc,1939493781,-341443686.3,calle 17,sam_edreiuc@live.com,,4.914285714
56,samuel,angulo,1971771773,-348949487,calle 18,sam@rcsistemas.com,,5
57,edrei,uc,2004049765,-356455287.7,calle 17,sam_edreiuc@live.com,,5.085714286
58,samuel,angulo,2036327758,-363961088.4,calle 18,sam@rcsistemas.com,,5.171428571
59,edrei,uc,2068605750,-371466889.1,calle 17,sam_edreiuc@live.com,,5.257142857
60,samuel,angulo,2100883742,-378972689.9,calle 18,sam@rcsistemas.com,,5.342857143
61,edrei,uc,2133161735,-386478490.6,calle 17,sam_edreiuc@live.com,,5.428571429
62,samuel,angulo,2165439727,-393984291.3,calle 18,sam@rcsistemas.com,,5.514285714
63,edrei,uc,2197717719,-401490092,calle 17,sam_edreiuc@live.com,,5.6
64,samuel,angulo,2229995712,-408995892.7,calle 18,sam@rcsistemas.com,,5.685714286
65,edrei,uc,2262273704,-416501693.4,calle 17,sam_edreiuc@live.com,,5.771428571
66,samuel,angulo,2294551696,-424007494.1,calle 18,sam@rcsistemas.com,,5.857142857
67,edrei,uc,2326829688,-431513294.9,calle 17,sam_edreiuc@live.com,,5.942857143
68,samuel,angulo,2359107681,-439019095.6,calle 18,sam@rcsistemas.com,,6.028571429
69,edrei,uc,2391385673,-446524896.3,calle 17,sam_edreiuc@live.com,,6.114285714
70,samuel,angulo,2423663665,-454030697,calle 18,sam@rcsistemas.com,,6.2
71,edrei,uc,2455941658,-461536497.7,calle 17,sam_edreiuc@live.com,,6.285714286
72,samuel,angulo,2488219650,-469042298.4,calle 18,sam@rcsistemas.com,,6.371428571
73,edrei,uc,2520497642,-476548099.1,calle 17,sam_edreiuc@live.com,,6.457142857
74,samuel,angulo,2552775635,-484053899.9,calle 18,sam@rcsistemas.com,,6.542857143
75,edrei,uc,2585053627,-491559700.6,calle 17,sam_edreiuc@live.com,,6.628571429
76,samuel,angulo,2617331619,-499065501.3,calle 18,sam@rcsistemas.com,,6.714285714
77,edrei,uc,2649609612,-506571302,calle 17,sam_edreiuc@live.com,,6.8
78,samuel,angulo,2681887604,-514077102.7,calle 18,sam@rcsistemas.com,,6.885714286
79,edrei,uc,2714165596,-521582903.4,calle 17,sam_edreiuc@live.com,,6.971428571
80,samuel,angulo,2746443589,-529088704.1,calle 18,sam@rcsistemas.com,,7.057142857
81,edrei,uc,2778721581,-536594504.9,calle 17,sam_edreiuc@live.com,,7.142857143
82,samuel,angulo,2810999573,-544100305.6,calle 18,sam@rcsistemas.com,,7.228571429
83,edrei,uc,2843277565,-551606106.3,calle 17,sam_edreiuc@live.com,,7.314285714
84,samuel,angulo,2875555558,-559111907,calle 18,sam@rcsistemas.com,,7.4
85,edrei,uc,2907833550,-566617707.7,calle 17,sam_edreiuc@live.com,,7.485714286
86,samuel,angulo,2940111542,-574123508.4,calle 18,sam@rcsistemas.com,,7.571428571
87,edrei,uc,2972389535,-581629309.1,calle 17,sam_edreiuc@live.com,,7.657142857
88,samuel,angulo,3004667527,-589135109.9,calle 18,sam@rcsistemas.com,,7.742857143
89,edrei,uc,3036945519,-596640910.6,calle 17,sam_edreiuc@live.com,,7.828571429
90,samuel,angulo,3069223512,-604146711.3,calle 18,sam@rcsistemas.com,,7.914285714
91,edrei,uc,3101501504,-611652512,calle 17,sam_edreiuc@live.com,,8
92,samuel,angulo,3133779496,-619158312.7,calle 18,sam@rcsistemas.com,,8.085714286
93,edrei,uc,3166057489,-626664113.4,calle 17,sam_edreiuc@live.com,,8.171428571
94,samuel,angulo,3198335481,-634169914.1,calle 18,sam@rcsistemas.com,,8.257142857
95,edrei,uc,3230613473,-641675714.9,calle 17,sam_edreiuc@live.com,,8.342857143
96,samuel,angulo,3262891466,-649181515.6,calle 18,sam@rcsistemas.com,,8.428571429
97,edrei,uc,3295169458,-656687316.3,calle 17,sam_edreiuc@live.com,,8.514285714
98,samuel,angulo,3327447450,-664193117,calle 18,sam@rcsistemas.com,,8.6
99,edrei,uc,3359725443,-671698917.7,calle 17,sam_edreiuc@live.com,,8.685714286
100,samuel,angulo,3392003435,-679204718.4,calle 18,sam@rcsistemas.com,,8.771428571
101,edrei,uc,3424281427,-686710519.1,calle 17,sam_edreiuc@live.com,,8.857142857
102,samuel,angulo,3456559419,-694216319.9,calle 18,sam@rcsistemas.com,,8.942857143
103,edrei,uc,3488837412,-701722120.6,calle 17,sam_edreiuc@live.com,,9.028571429
104,samuel,angulo,3521115404,-709227921.3,calle 18,sam@rcsistemas.com,,9.114285714
105,edrei,uc,3553393396,-716733722,calle 17,sam_edreiuc@live.com,,9.2
106,samuel,angulo,3585671389,-724239522.7,calle 18,sam@rcsistemas.com,,9.285714286
107,edrei,uc,3617949381,-731745323.4,calle 17,sam_edreiuc@live.com,,9.371428571
108,samuel,angulo,3650227373,-739251124.1,calle 18,sam@rcsistemas.com,,9.457142857
109,edrei,uc,3682505366,-746756924.9,calle 17,sam_edreiuc@live.com,,9.542857143
110,samuel,angulo,3714783358,-754262725.6,calle 18,sam@rcsistemas.com,,9.628571429
111,edrei,uc,3747061350,-761768526.3,calle 17,sam_edreiuc@live.com,,9.714285714
112,samuel,angulo,3779339343,-769274327,calle 18,sam@rcsistemas.com,,9.8
113,edrei,uc,3811617335,-776780127.7,calle 17,sam_edreiuc@live.com,,9.885714286
114,samuel,angulo,3843895327,-784285928.4,calle 18,sam@rcsistemas.com,,9.971428571
115,edrei,uc,3876173320,-791791729.1,calle 17,sam_edreiuc@live.com,,10.05714286
116,samuel,angulo,3908451312,-799297529.9,calle 18,sam@rcsistemas.com,,10.14285714
117,edrei,uc,3940729304,-806803330.6,calle 17,sam_edreiuc@live.com,,10.22857143
118,samuel,angulo,3973007296,-814309131.3,calle 18,sam@rcsistemas.com,,10.31428571
119,edrei,uc,4005285289,-821814932,calle 17,sam_edreiuc@live.com,,10.4
120,samuel,angulo,4037563281,-829320732.7,calle 18,sam@rcsistemas.com,,10.48571429
121,edrei,uc,4069841273,-836826533.4,calle 17,sam_edreiuc@live.com,,10.57142857
122,samuel,angulo,4102119266,-844332334.1,calle 18,sam@rcsistemas.com,,10.65714286
123,edrei,uc,4134397258,-851838134.9,calle 17,sam_edreiuc@live.com,,10.74285714
124,samuel,angulo,4166675250,-859343935.6,calle 18,sam@rcsistemas.com,,10.82857143
125,edrei,uc,4198953243,-866849736.3,calle 17,sam_edreiuc@live.com,,10.91428571
126,samuel,angulo,4231231235,-874355537,calle 18,sam@rcsistemas.com,,11
127,edrei,uc,4263509227,-881861337.7,calle 17,sam_edreiuc@live.com,,11.08571429
128,samuel,angulo,4295787220,-889367138.4,calle 18,sam@rcsistemas.com,,11.17142857
129,edrei,uc,4328065212,-896872939.1,calle 17,sam_edreiuc@live.com,,11.25714286
130,samuel,angulo,4360343204,-904378739.9,calle 18,sam@rcsistemas.com,,11.34285714
131,edrei,uc,4392621197,-911884540.6,calle 17,sam_edreiuc@live.com,,11.42857143
132,samuel,angulo,4424899189,-919390341.3,calle 18,sam@rcsistemas.com,,11.51428571
133,edrei,uc,4457177181,-926896142,calle 17,sam_edreiuc@live.com,,11.6
134,samuel,angulo,4489455174,-934401942.7,calle 18,sam@rcsistemas.com,,11.68571429
135,edrei,uc,4521733166,-941907743.4,calle 17,sam_edreiuc@live.com,,11.77142857
136,samuel,angulo,4554011158,-949413544.1,calle 18,sam@rcsistemas.com,,11.85714286
137,edrei,uc,4586289150,-956919344.9,calle 17,sam_edreiuc@live.com,,11.94285714
138,samuel,angulo,4618567143,-964425145.6,calle 18,sam@rcsistemas.com,,12.02857143
139,edrei,uc,4650845135,-971930946.3,calle 17,sam_edreiuc@live.com,,12.11428571
140,samuel,angulo,4683123127,-979436747,calle 18,sam@rcsistemas.com,,12.2
141,edrei,uc,4715401120,-986942547.7,calle 17,sam_edreiuc@live.com,,12.28571429
142,samuel,angulo,4747679112,-994448348.4,calle 18,sam@rcsistemas.com,,12.37142857
143,edrei,uc,4779957104,-1001954149,calle 17,sam_edreiuc@live.com,,12.45714286
144,samuel,angulo,4812235097,-1009459950,calle 18,sam@rcsistemas.com,,12.54285714
145,edrei,uc,4844513089,-1016965751,calle 17,sam_edreiuc@live.com,,12.62857143
146,samuel,angulo,4876791081,-1024471551,calle 18,sam@rcsistemas.com,,12.71428571
147,edrei,uc,4909069074,-1031977352,calle 17,sam_edreiuc@live.com,,12.8
148,samuel,angulo,4941347066,-1039483153,calle 18,sam@rcsistemas.com,,12.88571429
149,edrei,uc,4973625058,-1046988953,calle 17,sam_edreiuc@live.com,,12.97142857
150,samuel,angulo,5005903051,-1054494754,calle 18,sam@rcsistemas.com,,13.05714286
151,edrei,uc,5038181043,-1062000555,calle 17,sam_edreiuc@live.com,,13.14285714
152,samuel,angulo,5070459035,-1069506356,calle 18,sam@rcsistemas.com,,13.22857143
153,edrei,uc,5102737027,-1077012156,calle 17,sam_edreiuc@live.com,,13.31428571
154,samuel,angulo,5135015020,-1084517957,calle 18,sam@rcsistemas.com,,13.4
155,edrei,uc,5167293012,-1092023758,calle 17,sam_edreiuc@live.com,,13.48571429
156,samuel,angulo,5199571004,-1099529558,calle 18,sam@rcsistemas.com,,13.57142857
157,edrei,uc,5231848997,-1107035359,calle 17,sam_edreiuc@live.com,,13.65714286
158,samuel,angulo,5264126989,-1114541160,calle 18,sam@rcsistemas.com,,13.74285714
159,edrei,uc,5296404981,-1122046961,calle 17,sam_edreiuc@live.com,,13.82857143
160,samuel,angulo,5328682974,-1129552761,calle 18,sam@rcsistemas.com,,13.91428571
161,edrei,uc,5360960966,-1137058562,calle 17,sam_edreiuc@live.com,,14
162,samuel,angulo,5393238958,-1144564363,calle 18,sam@rcsistemas.com,,14.08571429
163,edrei,uc,5425516951,-1152070163,calle 17,sam_edreiuc@live.com,,14.17142857
164,samuel,angulo,5457794943,-1159575964,calle 18,sam@rcsistemas.com,,14.25714286
165,edrei,uc,5490072935,-1167081765,calle 17,sam_edreiuc@live.com,,14.34285714
166,samuel,angulo,5522350928,-1174587566,calle 18,sam@rcsistemas.com,,14.42857143
167,edrei,uc,5554628920,-1182093366,calle 17,sam_edreiuc@live.com,,14.51428571
168,samuel,angulo,5586906912,-1189599167,calle 18,sam@rcsistemas.com,,14.6
169,edrei,uc,5619184905,-1197104968,calle 17,sam_edreiuc@live.com,,14.68571429
170,samuel,angulo,5651462897,-1204610768,calle 18,sam@rcsistemas.com,,14.77142857
171,edrei,uc,5683740889,-1212116569,calle 17,sam_edreiuc@live.com,,14.85714286
172,samuel,angulo,5716018881,-1219622370,calle 18,sam@rcsistemas.com,,14.94285714
173,edrei,uc,5748296874,-1227128171,calle 17,sam_edreiuc@live.com,,15.02857143
174,samuel,angulo,5780574866,-1234633971,calle 18,sam@rcsistemas.com,,15.11428571
175,edrei,uc,5812852858,-1242139772,calle 17,sam_edreiuc@live.com,,15.2
176,samuel,angulo,5845130851,-1249645573,calle 18,sam@rcsistemas.com,,15.28571429
177,edrei,uc,5877408843,-1257151373,calle 17,sam_edreiuc@live.com,,15.37142857
178,samuel,angulo,5909686835,-1264657174,calle 18,sam@rcsistemas.com,,15.45714286
179,edrei,uc,5941964828,-1272162975,calle 17,sam_edreiuc@live.com,,15.54285714
180,samuel,angulo,5974242820,-1279668776,calle 18,sam@rcsistemas.com,,15.62857143
181,edrei,uc,6006520812,-1287174576,calle 17,sam_edreiuc@live.com,,15.71428571
182,samuel,angulo,6038798805,-1294680377,calle 18,sam@rcsistemas.com,,15.8
183,edrei,uc,6071076797,-1302186178,calle 17,sam_edreiuc@live.com,,15.88571429
184,samuel,angulo,6103354789,-1309691978,calle 18,sam@rcsistemas.com,,15.97142857
185,edrei,uc,6135632782,-1317197779,calle 17,sam_edreiuc@live.com,,16.05714286
186,samuel,angulo,6167910774,-1324703580,calle 18,sam@rcsistemas.com,,16.14285714
187,edrei,uc,6200188766,-1332209381,calle 17,sam_edreiuc@live.com,,16.22857143
188,samuel,angulo,6232466758,-1339715181,calle 18,sam@rcsistemas.com,,16.31428571
189,edrei,uc,6264744751,-1347220982,calle 17,sam_edreiuc@live.com,,16.4
190,samuel,angulo,6297022743,-1354726783,calle 18,sam@rcsistemas.com,,16.48571429
191,edrei,uc,6329300735,-1362232583,calle 17,sam_edreiuc@live.com,,16.57142857
192,samuel,angulo,6361578728,-1369738384,calle 18,sam@rcsistemas.com,,16.65714286
193,edrei,uc,6393856720,-1377244185,calle 17,sam_edreiuc@live.com,,16.74285714
194,samuel,angulo,6426134712,-1384749986,calle 18,sam@rcsistemas.com,,16.82857143
195,edrei,uc,6458412705,-1392255786,calle 17,sam_edreiuc@live.com,,16.91428571
196,samuel,angulo,6490690697,-1399761587,calle 18,sam@rcsistemas.com,,17
197,edrei,uc,6522968689,-1407267388,calle 17,sam_edreiuc@live.com,,17.08571429
198,samuel,angulo,6555246682,-1414773188,calle 18,sam@rcsistemas.com,,17.17142857
199,edrei,uc,6587524674,-1422278989,calle 17,sam_edreiuc@live.com,,17.25714286
200,samuel,angulo,6619802666,-1429784790,calle 18,sam@rcsistemas.com,,17.34285714
201,edrei,uc,6652080659,-1437290591,calle 17,sam_edreiuc@live.com,,17.42857143
202,samuel,angulo,6684358651,-1444796391,calle 18,sam@rcsistemas.com,,17.51428571
203,edrei,uc,6716636643,-1452302192,calle 17,sam_edreiuc@live.com,,17.6
204,samuel,angulo,6748914636,-1459807993,calle 18,sam@rcsistemas.com,,17.68571429
205,edrei,uc,6781192628,-1467313793,calle 17,sam_edreiuc@live.com,,17.77142857
206,samuel,angulo,6813470620,-1474819594,calle 18,sam@rcsistemas.com,,17.85714286
207,edrei,uc,6845748612,-1482325395,calle 17,sam_edreiuc@live.com,,17.94285714
208,samuel,angulo,6878026605,-1489831196,calle 18,sam@rcsistemas.com,,18.02857143
209,edrei,uc,6910304597,-1497336996,calle 17,sam_edreiuc@live.com,,18.11428571
210,samuel,angulo,6942582589,-1504842797,calle 18,sam@rcsistemas.com,,18.2
211,edrei,uc,6974860582,-1512348598,calle 17,sam_edreiuc@live.com,,18.28571429
212,samuel,angulo,7007138574,-1519854398,calle 18,sam@rcsistemas.com,,18.37142857
213,edrei,uc,7039416566,-1527360199,calle 17,sam_edreiuc@live.com,,18.45714286
214,samuel,angulo,7071694559,-1534866000,calle 18,sam@rcsistemas.com,,18.54285714
215,edrei,uc,7103972551,-1542371801,calle 17,sam_edreiuc@live.com,,18.62857143
216,samuel,angulo,7136250543,-1549877601,calle 18,sam@rcsistemas.com,,18.71428571
217,edrei,uc,7168528536,-1557383402,calle 17,sam_edreiuc@live.com,,18.8
218,samuel,angulo,7200806528,-1564889203,calle 18,sam@rcsistemas.com,,18.88571429
219,edrei,uc,7233084520,-1572395003,calle 17,sam_edreiuc@live.com,,18.97142857
220,samuel,angulo,7265362513,-1579900804,calle 18,sam@rcsistemas.com,,19.05714286
221,edrei,uc,7297640505,-1587406605,calle 17,sam_edreiuc@live.com,,19.14285714
222,samuel,angulo,7329918497,-1594912406,calle 18,sam@rcsistemas.com,,19.22857143
223,edrei,uc,7362196489,-1602418206,calle 17,sam_edreiuc@live.com,,19.31428571
224,samuel,angulo,7394474482,-1609924007,calle 18,sam@rcsistemas.com,,19.4
225,edrei,uc,7426752474,-1617429808,calle 17,sam_edreiuc@live.com,,19.48571429
226,samuel,angulo,7459030466,-1624935608,calle 18,sam@rcsistemas.com,,19.57142857
227,edrei,uc,7491308459,-1632441409,calle 17,sam_edreiuc@live.com,,19.65714286
228,samuel,angulo,7523586451,-1639947210,calle 18,sam@rcsistemas.com,,19.74285714
229,edrei,uc,7555864443,-1647453011,calle 17,sam_edreiuc@live.com,,19.82857143
230,samuel,angulo,7588142436,-1654958811,calle 18,sam@rcsistemas.com,,19.91428571
231,edrei,uc,7620420428,-1662464612,calle 17,sam_edreiuc@live.com,,20
232,samuel,angulo,7652698420,-1669970413,calle 18,sam@rcsistemas.com,,20.08571429
233,edrei,uc,7684976413,-1677476213,calle 17,sam_edreiuc@live.com,,20.17142857
234,samuel,angulo,7717254405,-1684982014,calle 18,sam@rcsistemas.com,,20.25714286
235,edrei,uc,7749532397,-1692487815,calle 17,sam_edreiuc@live.com,,20.34285714
236,samuel,angulo,7781810390,-1699993616,calle 18,sam@rcsistemas.com,,20.42857143
237,edrei,uc,7814088382,-1707499416,calle 17,sam_edreiuc@live.com,,20.51428571
238,samuel,angulo,7846366374,-1715005217,calle 18,sam@rcsistemas.com,,20.6
239,edrei,uc,7878644367,-1722511018,calle 17,sam_edreiuc@live.com,,20.68571429
240,samuel,angulo,7910922359,-1730016818,calle 18,sam@rcsistemas.com,,20.77142857
241,edrei,uc,7943200351,-1737522619,calle 17,sam_edreiuc@live.com,,20.85714286
242,samuel,angulo,7975478343,-1745028420,calle 18,sam@rcsistemas.com,,20.94285714
243,edrei,uc,8007756336,-1752534221,calle 17,sam_edreiuc@live.com,,21.02857143
244,samuel,angulo,8040034328,-1760040021,calle 18,sam@rcsistemas.com,,21.11428571
245,edrei,uc,8072312320,-1767545822,calle 17,sam_edreiuc@live.com,,21.2
246,samuel,angulo,8104590313,-1775051623,calle 18,sam@rcsistemas.com,,21.28571429
247,edrei,uc,8136868305,-1782557423,calle 17,sam_edreiuc@live.com,,21.37142857
248,samuel,angulo,8169146297,-1790063224,calle 18,sam@rcsistemas.com,,21.45714286
249,edrei,uc,8201424290,-1797569025,calle 17,sam_edreiuc@live.com,,21.54285714
250,samuel,angulo,8233702282,-1805074826,calle 18,sam@rcsistemas.com,,21.62857143
251,edrei,uc,8265980274,-1812580626,calle 17,sam_edreiuc@live.com,,21.71428571
252,samuel,angulo,8298258267,-1820086427,calle 18,sam@rcsistemas.com,,21.8
253,edrei,uc,8330536259,-1827592228,calle 17,sam_edreiuc@live.com,,21.88571429
254,samuel,angulo,8362814251,-1835098028,calle 18,sam@rcsistemas.com,,21.97142857
255,edrei,uc,8395092244,-1842603829,calle 17,sam_edreiuc@live.com,,22.05714286
256,samuel,angulo,8427370236,-1850109630,calle 18,sam@rcsistemas.com,,22.14285714
257,edrei,uc,8459648228,-1857615431,calle 17,sam_edreiuc@live.com,,22.22857143
258,samuel,angulo,8491926220,-1865121231,calle 18,sam@rcsistemas.com,,22.31428571
259,edrei,uc,8524204213,-1872627032,calle 17,sam_edreiuc@live.com,,22.4
260,samuel,angulo,8556482205,-1880132833,calle 18,sam@rcsistemas.com,,22.48571429
261,edrei,uc,8588760197,-1887638633,calle 17,sam_edreiuc@live.com,,22.57142857
262,samuel,angulo,8621038190,-1895144434,calle 18,sam@rcsistemas.com,,22.65714286
263,edrei,uc,8653316182,-1902650235,calle 17,sam_edreiuc@live.com,,22.74285714
264,samuel,angulo,8685594174,-1910156036,calle 18,sam@rcsistemas.com,,22.82857143
265,edrei,uc,8717872167,-1917661836,calle 17,sam_edreiuc@live.com,,22.91428571
266,samuel,angulo,8750150159,-1925167637,calle 18,sam@rcsistemas.com,,23
267,edrei,uc,8782428151,-1932673438,calle 17,sam_edreiuc@live.com,,23.08571429
268,samuel,angulo,8814706144,-1940179238,calle 18,sam@rcsistemas.com,,23.17142857
269,edrei,uc,8846984136,-1947685039,calle 17,sam_edreiuc@live.com,,23.25714286
270,samuel,angulo,8879262128,-1955190840,calle 18,sam@rcsistemas.com,,23.34285714
271,edrei,uc,8911540121,-1962696641,calle 17,sam_edreiuc@live.com,,23.42857143
272,samuel,angulo,8943818113,-1970202441,calle 18,sam@rcsistemas.com,,23.51428571
273,edrei,uc,8976096105,-1977708242,calle 17,sam_edreiuc@live.com,,23.6
274,samuel,angulo,9008374098,-1985214043,calle 18,sam@rcsistemas.com,,23.68571429
275,edrei,uc,9040652090,-1992719843,calle 17,sam_edreiuc@live.com,,23.77142857
276,samuel,angulo,9072930082,-2000225644,calle 18,sam@rcsistemas.com,,23.85714286
277,edrei,uc,9105208074,-2007731445,calle 17,sam_edreiuc@live.com,,23.94285714
278,samuel,angulo,9137486067,-2015237246,calle 18,sam@rcsistemas.com,,24.02857143
279,edrei,uc,9169764059,-2022743046,calle 17,sam_edreiuc@live.com,,24.11428571
280,samuel,angulo,9202042051,-2030248847,calle 18,sam@rcsistemas.com,,24.2
281,edrei,uc,9234320044,-2037754648,calle 17,sam_edreiuc@live.com,,24.28571429
282,samuel,angulo,9266598036,-2045260448,calle 18,sam@rcsistemas.com,,24.37142857
283,edrei,uc,9298876028,-2052766249,calle 17,sam_edreiuc@live.com,,24.45714286
284,samuel,angulo,9331154021,-2060272050,calle 18,sam@rcsistemas.com,,24.54285714
285,edrei,uc,9363432013,-2067777851,calle 17,sam_edreiuc@live.com,,24.62857143
286,samuel,angulo,9395710005,-2075283651,calle 18,sam@rcsistemas.com,,24.71428571
287,edrei,uc,9427987998,-2082789452,calle 17,sam_edreiuc@live.com,,24.8
288,samuel,angulo,9460265990,-2090295253,calle 18,sam@rcsistemas.com,,24.88571429
289,edrei,uc,9492543982,-2097801053,calle 17,sam_edreiuc@live.com,,24.97142857
290,samuel,angulo,9524821975,-2105306854,calle 18,sam@rcsistemas.com,,25.05714286
291,edrei,uc,9557099967,-2112812655,calle 17,sam_edreiuc@live.com,,25.14285714
292,samuel,angulo,9589377959,-2120318456,calle 18,sam@rcsistemas.com,,25.22857143
293,edrei,uc,9621655951,-2127824256,calle 17,sam_edreiuc@live.com,,25.31428571
294,samuel,angulo,9653933944,-2135330057,calle 18,sam@rcsistemas.com,,25.4
295,edrei,uc,9686211936,-2142835858,calle 17,sam_edreiuc@live.com,,25.48571429
296,samuel,angulo,9718489928,-2150341658,calle 18,sam@rcsistemas.com,,25.57142857
297,edrei,uc,9750767921,-2157847459,calle 17,sam_edreiuc@live.com,,25.65714286
298,samuel,angulo,9783045913,-2165353260,calle 18,sam@rcsistemas.com,,25.74285714
299,edrei,uc,9815323905,-2172859061,calle 17,sam_edreiuc@live.com,,25.82857143
300,samuel,angulo,9847601898,-2180364861,calle 18,sam@rcsistemas.com,,25.91428571
301,edrei,uc,9879879890,-2187870662,calle 17,sam_edreiuc@live.com,,26
302,samuel,angulo,9912157882,-2195376463,calle 18,sam@rcsistemas.com,,26.08571429
303,edrei,uc,9944435875,-2202882263,calle 17,sam_edreiuc@live.com,,26.17142857
304,samuel,angulo,9976713867,-2210388064,calle 18,sam@rcsistemas.com,,26.25714286
305,edrei,uc,10008991859,-2217893865,calle 17,sam_edreiuc@live.com,,26.34285714
306,samuel,angulo,10041269852,-2225399666,calle 18,sam@rcsistemas.com,,26.42857143
307,edrei,uc,10073547844,-2232905466,calle 17,sam_edreiuc@live.com,,26.51428571
308,samuel,angulo,10105825836,-2240411267,calle 18,sam@rcsistemas.com,,26.6
309,edrei,uc,10138103829,-2247917068,calle 17,sam_edreiuc@live.com,,26.68571429
310,samuel,angulo,10170381821,-2255422868,calle 18,sam@rcsistemas.com,,26.77142857
311,edrei,uc,10202659813,-2262928669,calle 17,sam_edreiuc@live.com,,26.85714286
312,samuel,angulo,10234937805,-2270434470,calle 18,sam@rcsistemas.com,,26.94285714
313,edrei,uc,10267215798,-2277940271,calle 17,sam_edreiuc@live.com,,27.02857143
314,samuel,angulo,10299493790,-2285446071,calle 18,sam@rcsistemas.com,,27.11428571
315,edrei,uc,10331771782,-2292951872,calle 17,sam_edreiuc@live.com,,27.2
316,samuel,angulo,10364049775,-2300457673,calle 18,sam@rcsistemas.com,,27.28571429
317,edrei,uc,10396327767,-2307963473,calle 17,sam_edreiuc@live.com,,27.37142857
318,samuel,angulo,10428605759,-2315469274,calle 18,sam@rcsistemas.com,,27.45714286
319,edrei,uc,10460883752,-2322975075,calle 17,sam_edreiuc@live.com,,27.54285714
320,samuel,angulo,10493161744,-2330480876,calle 18,sam@rcsistemas.com,,27.62857143
321,edrei,uc,10525439736,-2337986676,calle 17,sam_edreiuc@live.com,,27.71428571
322,samuel,angulo,10557717729,-2345492477,calle 18,sam@rcsistemas.com,,27.8
323,edrei,uc,10589995721,-2352998278,calle 17,sam_edreiuc@live.com,,27.88571429
324,samuel,angulo,10622273713,-2360504078,calle 18,sam@rcsistemas.com,,27.97142857
325,edrei,uc,10654551706,-2368009879,calle 17,sam_edreiuc@live.com,,28.05714286
326,samuel,angulo,10686829698,-2375515680,calle 18,sam@rcsistemas.com,,28.14285714
327,edrei,uc,10719107690,-2383021481,calle 17,sam_edreiuc@live.com,,28.22857143
328,samuel,angulo,10751385682,-2390527281,calle 18,sam@rcsistemas.com,,28.31428571
329,edrei,uc,10783663675,-2398033082,calle 17,sam_edreiuc@live.com,,28.4
330,samuel,angulo,10815941667,-2405538883,calle 18,sam@rcsistemas.com,,28.48571429
331,edrei,uc,10848219659,-2413044683,calle 17,sam_edreiuc@live.com,,28.57142857
332,samuel,angulo,10880497652,-2420550484,calle 18,sam@rcsistemas.com,,28.65714286
333,edrei,uc,10912775644,-2428056285,calle 17,sam_edreiuc@live.com,,28.74285714
334,samuel,angulo,10945053636,-2435562086,calle 18,sam@rcsistemas.com,,28.82857143
335,edrei,uc,10977331629,-2443067886,calle 17,sam_edreiuc@live.com,,28.91428571
336,samuel,angulo,11009609621,-2450573687,calle 18,sam@rcsistemas.com,,29
337,edrei,uc,11041887613,-2458079488,calle 17,sam_edreiuc@live.com,,29.08571429
338,samuel,angulo,11074165606,-2465585288,calle 18,sam@rcsistemas.com,,29.17142857
339,edrei,uc,11106443598,-2473091089,calle 17,sam_edreiuc@live.com,,29.25714286
340,samuel,angulo,11138721590,-2480596890,calle 18,sam@rcsistemas.com,,29.34285714
341,edrei,uc,11170999583,-2488102691,calle 17,sam_edreiuc@live.com,,29.42857143
342,samuel,angulo,11203277575,-2495608491,calle 18,sam@rcsistemas.com,,29.51428571
343,edrei,uc,11235555567,-2503114292,calle 17,sam_edreiuc@live.com,,29.6
344,samuel,angulo,11267833560,-2510620093,calle 18,sam@rcsistemas.com,,29.68571429
345,edrei,uc,11300111552,-2518125893,calle 17,sam_edreiuc@live.com,,29.77142857
346,samuel,angulo,11332389544,-2525631694,calle 18,sam@rcsistemas.com,,29.85714286
347,edrei,uc,11364667536,-2533137495,calle 17,sam_edreiuc@live.com,,29.94285714
348,samuel,angulo,11396945529,-2540643296,calle 18,sam@rcsistemas.com,,30.02857143
349,edrei,uc,11429223521,-2548149096,calle 17,sam_edreiuc@live.com,,30.11428571
350,samuel,angulo,11461501513,-2555654897,calle 18,sam@rcsistemas.com,,30.2
351,edrei,uc,11493779506,-2563160698,calle 17,sam_edreiuc@live.com,,30.28571429
352,samuel,angulo,11526057498,-2570666498,calle 18,sam@rcsistemas.com,,30.37142857
353,edrei,uc,11558335490,-2578172299,calle 17,sam_edreiuc@live.com,,30.45714286
354,samuel,angulo,11590613483,-2585678100,calle 18,sam@rcsistemas.com,,30.54285714
355,edrei,uc,11622891475,-2593183901,calle 17,sam_edreiuc@live.com,,30.62857143
356,samuel,angulo,11655169467,-2600689701,calle 18,sam@rcsistemas.com,,30.71428571
357,edrei,uc,11687447460,-2608195502,calle 17,sam_edreiuc@live.com,,30.8
358,samuel,angulo,11719725452,-2615701303,calle 18,sam@rcsistemas.com,,30.88571429
359,edrei,uc,11752003444,-2623207103,calle 17,sam_edreiuc@live.com,,30.97142857
360,samuel,angulo,11784281437,-2630712904,calle 18,sam@rcsistemas.com,,31.05714286
361,edrei,uc,11816559429,-2638218705,calle 17,sam_edreiuc@live.com,,31.14285714
362,samuel,angulo,11848837421,-2645724506,calle 18,sam@rcsistemas.com,,31.22857143
363,edrei,uc,11881115413,-2653230306,calle 17,sam_edreiuc@live.com,,31.31428571
364,samuel,angulo,11913393406,-2660736107,calle 18,sam@rcsistemas.com,,31.4
365,edrei,uc,11945671398,-2668241908,calle 17,sam_edreiuc@live.com,,31.48571429
366,samuel,angulo,11977949390,-2675747708,calle 18,sam@rcsistemas.com,,31.57142857
367,edrei,uc,12010227383,-2683253509,calle 17,sam_edreiuc@live.com,,31.65714286
368,samuel,angulo,12042505375,-2690759310,calle 18,sam@rcsistemas.com,,31.74285714
369,edrei,uc,12074783367,-2698265111,calle 17,sam_edreiuc@live.com,,31.82857143
370,samuel,angulo,12107061360,-2705770911,calle 18,sam@rcsistemas.com,,31.91428571
371,edrei,uc,12139339352,-2713276712,calle 17,sam_edreiuc@live.com,,32
372,samuel,angulo,12171617344,-2720782513,calle 18,sam@rcsistemas.com,,32.08571429
373,edrei,uc,12203895337,-2728288313,calle 17,sam_edreiuc@live.com,,32.17142857
374,samuel,angulo,12236173329,-2735794114,calle 18,sam@rcsistemas.com,,32.25714286
375,edrei,uc,12268451321,-2743299915,calle 17,sam_edreiuc@live.com,,32.34285714
376,samuel,angulo,12300729314,-2750805716,calle 18,sam@rcsistemas.com,,32.42857143
377,edrei,uc,12333007306,-2758311516,calle 17,sam_edreiuc@live.com,,32.51428571
378,samuel,angulo,12365285298,-2765817317,calle 18,sam@rcsistemas.com,,32.6
379,edrei,uc,12397563291,-2773323118,calle 17,sam_edreiuc@live.com,,32.68571429
380,samuel,angulo,12429841283,-2780828918,calle 18,sam@rcsistemas.com,,32.77142857
381,edrei,uc,12462119275,-2788334719,calle 17,sam_edreiuc@live.com,,32.85714286
382,samuel,angulo,12494397267,-2795840520,calle 18,sam@rcsistemas.com,,32.94285714
383,edrei,uc,12526675260,-2803346321,calle 17,sam_edreiuc@live.com,,33.02857143
384,samuel,angulo,12558953252,-2810852121,calle 18,sam@rcsistemas.com,,33.11428571
385,edrei,uc,12591231244,-2818357922,calle 17,sam_edreiuc@live.com,,33.2
386,samuel,angulo,12623509237,-2825863723,calle 18,sam@rcsistemas.com,,33.28571429
387,edrei,uc,12655787229,-2833369523,calle 17,sam_edreiuc@live.com,,33.37142857
388,samuel,angulo,12688065221,-2840875324,calle 18,sam@rcsistemas.com,,33.45714286
389,edrei,uc,12720343214,-2848381125,calle 17,sam_edreiuc@live.com,,33.54285714
390,samuel,angulo,12752621206,-2855886926,calle 18,sam@rcsistemas.com,,33.62857143
391,edrei,uc,12784899198,-2863392726,calle 17,sam_edreiuc@live.com,,33.71428571
392,samuel,angulo,12817177191,-2870898527,calle 18,sam@rcsistemas.com,,33.8
393,edrei,uc,12849455183,-2878404328,calle 17,sam_edreiuc@live.com,,33.88571429
394,samuel,angulo,12881733175,-2885910128,calle 18,sam@rcsistemas.com,,33.97142857
395,edrei,uc,12914011168,-2893415929,calle 17,sam_edreiuc@live.com,,34.05714286
396,samuel,angulo,12946289160,-2900921730,calle 18,sam@rcsistemas.com,,34.14285714
397,edrei,uc,12978567152,-2908427531,calle 17,sam_edreiuc@live.com,,34.22857143
398,samuel,angulo,13010845144,-2915933331,calle 18,sam@rcsistemas.com,,34.31428571
399,edrei,uc,13043123137,-2923439132,calle 17,sam_edreiuc@live.com,,34.4
400,samuel,angulo,13075401129,-2930944933,calle 18,sam@rcsistemas.com,,34.48571429
401,edrei,uc,13107679121,-2938450733,calle 17,sam_edreiuc@live.com,,34.57142857
402,samuel,angulo,13139957114,-2945956534,calle 18,sam@rcsistemas.com,,34.65714286
403,edrei,uc,13172235106,-2953462335,calle 17,sam_edreiuc@live.com,,34.74285714
404,samuel,angulo,13204513098,-2960968136,calle 18,sam@rcsistemas.com,,34.82857143
405,edrei,uc,13236791091,-2968473936,calle 17,sam_edreiuc@live.com,,34.91428571
406,samuel,angulo,13269069083,-2975979737,calle 18,sam@rcsistemas.com,,35
407,edrei,uc,13301347075,-2983485538,calle 17,sam_edreiuc@live.com,,35.08571429
408,samuel,angulo,13333625068,-2990991338,calle 18,sam@rcsistemas.com,,35.17142857
409,edrei,uc,13365903060,-2998497139,calle 17,sam_edreiuc@live.com,,35.25714286
410,samuel,angulo,13398181052,-3006002940,calle 18,sam@rcsistemas.com,,35.34285714
411,edrei,uc,13430459045,-3013508741,calle 17,sam_edreiuc@live.com,,35.42857143
412,samuel,angulo,13462737037,-3021014541,calle 18,sam@rcsistemas.com,,35.51428571
413,edrei,uc,13495015029,-3028520342,calle 17,sam_edreiuc@live.com,,35.6
414,samuel,angulo,13527293022,-3036026143,calle 18,sam@rcsistemas.com,,35.68571429
415,edrei,uc,13559571014,-3043531943,calle 17,sam_edreiuc@live.com,,35.77142857
416,samuel,angulo,13591849006,-3051037744,calle 18,sam@rcsistemas.com,,35.85714286
417,edrei,uc,13624126998,-3058543545,calle 17,sam_edreiuc@live.com,,35.94285714
418,samuel,angulo,13656404991,-3066049346,calle 18,sam@rcsistemas.com,,36.02857143
419,edrei,uc,13688682983,-3073555146,calle 17,sam_edreiuc@live.com,,36.11428571
420,samuel,angulo,13720960975,-3081060947,calle 18,sam@rcsistemas.com,,36.2
421,edrei,uc,13753238968,-3088566748,calle 17,sam_edreiuc@live.com,,36.28571429
422,samuel,angulo,13785516960,-3096072548,calle 18,sam@rcsistemas.com,,36.37142857
423,edrei,uc,13817794952,-3103578349,calle 17,sam_edreiuc@live.com,,36.45714286
424,samuel,angulo,13850072945,-3111084150,calle 18,sam@rcsistemas.com,,36.54285714
425,edrei,uc,13882350937,-3118589951,calle 17,sam_edreiuc@live.com,,36.62857143
426,samuel,angulo,13914628929,-3126095751,calle 18,sam@rcsistemas.com,,36.71428571
427,edrei,uc,13946906922,-3133601552,calle 17,sam_edreiuc@live.com,,36.8
428,samuel,angulo,13979184914,-3141107353,calle 18,sam@rcsistemas.com,,36.88571429
429,edrei,uc,14011462906,-3148613153,calle 17,sam_edreiuc@live.com,,36.97142857
430,samuel,angulo,14043740899,-3156118954,calle 18,sam@rcsistemas.com,,37.05714286
431,edrei,uc,14076018891,-3163624755,calle 17,sam_edreiuc@live.com,,37.14285714
432,samuel,angulo,14108296883,-3171130556,calle 18,sam@rcsistemas.com,,37.22857143
433,edrei,uc,14140574875,-3178636356,calle 17,sam_edreiuc@live.com,,37.31428571
434,samuel,angulo,14172852868,-3186142157,calle 18,sam@rcsistemas.com,,37.4
435,edrei,uc,14205130860,-3193647958,calle 17,sam_edreiuc@live.com,,37.48571429
436,samuel,angulo,14237408852,-3201153758,calle 18,sam@rcsistemas.com,,37.57142857
437,edrei,uc,14269686845,-3208659559,calle 17,sam_edreiuc@live.com,,37.65714286
438,samuel,angulo,14301964837,-3216165360,calle 18,sam@rcsistemas.com,,37.74285714
439,edrei,uc,14334242829,-3223671161,calle 17,sam_edreiuc@live.com,,37.82857143
440,samuel,angulo,14366520822,-3231176961,calle 18,sam@rcsistemas.com,,37.91428571
441,edrei,uc,14398798814,-3238682762,calle 17,sam_edreiuc@live.com,,38
442,samuel,angulo,14431076806,-3246188563,calle 18,sam@rcsistemas.com,,38.08571429
443,edrei,uc,14463354799,-3253694363,calle 17,sam_edreiuc@live.com,,38.17142857
444,samuel,angulo,14495632791,-3261200164,calle 18,sam@rcsistemas.com,,38.25714286
445,edrei,uc,14527910783,-3268705965,calle 17,sam_edreiuc@live.com,,38.34285714
446,samuel,angulo,14560188776,-3276211766,calle 18,sam@rcsistemas.com,,38.42857143
447,edrei,uc,14592466768,-3283717566,calle 17,sam_edreiuc@live.com,,38.51428571
448,samuel,angulo,14624744760,-3291223367,calle 18,sam@rcsistemas.com,,38.6
449,edrei,uc,14657022753,-3298729168,calle 17,sam_edreiuc@live.com,,38.68571429
450,samuel,angulo,14689300745,-3306234968,calle 18,sam@rcsistemas.com,,38.77142857
451,edrei,uc,14721578737,-3313740769,calle 17,sam_edreiuc@live.com,,38.85714286
452,samuel,angulo,14753856729,-3321246570,calle 18,sam@rcsistemas.com,,38.94285714
453,edrei,uc,14786134722,-3328752371,calle 17,sam_edreiuc@live.com,,39.02857143
454,samuel,angulo,14818412714,-3336258171,calle 18,sam@rcsistemas.com,,39.11428571
455,edrei,uc,14850690706,-3343763972,calle 17,sam_edreiuc@live.com,,39.2
456,samuel,angulo,14882968699,-3351269773,calle 18,sam@rcsistemas.com,,39.28571429
457,edrei,uc,14915246691,-3358775573,calle 17,sam_edreiuc@live.com,,39.37142857
458,samuel,angulo,14947524683,-3366281374,calle 18,sam@rcsistemas.com,,39.45714286
459,edrei,uc,14979802676,-3373787175,calle 17,sam_edreiuc@live.com,,39.54285714
460,samuel,angulo,15012080668,-3381292976,calle 18,sam@rcsistemas.com,,39.62857143
461,edrei,uc,15044358660,-3388798776,calle 17,sam_edreiuc@live.com,,39.71428571
462,samuel,angulo,15076636653,-3396304577,calle 18,sam@rcsistemas.com,,39.8
463,edrei,uc,15108914645,-3403810378,calle 17,sam_edreiuc@live.com,,39.88571429
464,samuel,angulo,15141192637,-3411316178,calle 18,sam@rcsistemas.com,,39.97142857
465,edrei,uc,15173470630,-3418821979,calle 17,sam_edreiuc@live.com,,40.05714286
466,samuel,angulo,15205748622,-3426327780,calle 18,sam@rcsistemas.com,,40.14285714
467,edrei,uc,15238026614,-3433833581,calle 17,sam_edreiuc@live.com,,40.22857143
468,samuel,angulo,15270304606,-3441339381,calle 18,sam@rcsistemas.com,,40.31428571
469,edrei,uc,15302582599,-3448845182,calle 17,sam_edreiuc@live.com,,40.4
470,samuel,angulo,15334860591,-3456350983,calle 18,sam@rcsistemas.com,,40.48571429
471,edrei,uc,15367138583,-3463856783,calle 17,sam_edreiuc@live.com,,40.57142857
472,samuel,angulo,15399416576,-3471362584,calle 18,sam@rcsistemas.com,,40.65714286
473,edrei,uc,15431694568,-3478868385,calle 17,sam_edreiuc@live.com,,40.74285714
474,samuel,angulo,15463972560,-3486374186,calle 18,sam@rcsistemas.com,,40.82857143
475,edrei,uc,15496250553,-3493879986,calle 17,sam_edreiuc@live.com,,40.91428571
476,samuel,angulo,15528528545,-3501385787,calle 18,sam@rcsistemas.com,,41
477,edrei,uc,15560806537,-3508891588,calle 17,sam_edreiuc@live.com,,41.08571429
478,samuel,angulo,15593084530,-3516397388,calle 18,sam@rcsistemas.com,,41.17142857
479,edrei,uc,15625362522,-3523903189,calle 17,sam_edreiuc@live.com,,41.25714286
480,samuel,angulo,15657640514,-3531408990,calle 18,sam@rcsistemas.com,,41.34285714
481,edrei,uc,15689918507,-3538914791,calle 17,sam_edreiuc@live.com,,41.42857143
482,samuel,angulo,15722196499,-3546420591,calle 18,sam@rcsistemas.com,,41.51428571
483,edrei,uc,15754474491,-3553926392,calle 17,sam_edreiuc@live.com,,41.6
484,samuel,angulo,15786752484,-3561432193,calle 18,sam@rcsistemas.com,,41.68571429
485,edrei,uc,15819030476,-3568937993,calle 17,sam_edreiuc@live.com,,41.77142857
486,samuel,angulo,15851308468,-3576443794,calle 18,sam@rcsistemas.com,,41.85714286
487,edrei,uc,15883586460,-3583949595,calle 17,sam_edreiuc@live.com,,41.94285714
488,samuel,angulo,15915864453,-3591455396,calle 18,sam@rcsistemas.com,,42.02857143
489,edrei,uc,15948142445,-3598961196,calle 17,sam_edreiuc@live.com,,42.11428571
490,samuel,angulo,15980420437,-3606466997,calle 18,sam@rcsistemas.com,,42.2
491,edrei,uc,16012698430,-3613972798,calle 17,sam_edreiuc@live.com,,42.28571429
492,samuel,angulo,16044976422,-3621478598,calle 18,sam@rcsistemas.com,,42.37142857
493,edrei,uc,16077254414,-3628984399,calle 17,sam_edreiuc@live.com,,42.45714286
494,samuel,angulo,16109532407,-3636490200,calle 18,sam@rcsistemas.com,,42.54285714
495,edrei,uc,16141810399,-3643996001,calle 17,sam_edreiuc@live.com,,42.62857143
496,samuel,angulo,16174088391,-3651501801,calle 18,sam@rcsistemas.com,,42.71428571
497,edrei,uc,16206366384,-3659007602,calle 17,sam_edreiuc@live.com,,42.8
498,samuel,angulo,16238644376,-3666513403,calle 18,sam@rcsistemas.com,,42.88571429
499,edrei,uc,16270922368,-3674019203,calle 17,sam_edreiuc@live.com,,42.97142857
500,samuel,angulo,16303200361,-3681525004,calle 18,sam@rcsistemas.com,,43.05714286
